{"auc_roc": 0.8457533894216488, "explainP1": 0.5387978142076503, "explainNDCG": 0.6376201537170901}